{
  "total_properties": 5555,
  "properties_with_price": 2459,
  "properties_with_location": 5555,
  "avg_price": 59.23302155347702,
  "preprocessing_time": "2025-06-26T15:20:27.711069"
}